id,first_name,last_name,email,gender,ip_address
1,Riobard,De Cristofalo,rdecristofalo0@ow.ly,Male,216.121.185.204
2,Aurore,Zink,azink1@elpais.com,Female,221.230.120.23
3,Caterina,Brelsford,cbrelsford2@narod.ru,Female,28.239.24.125
4,Jordan,Paradis,jparadis3@alexa.com,Male,246.162.29.20
5,Alene,Stickels,astickels4@alibaba.com,Female,91.131.72.26
6,Claudio,Gremane,cgremane5@cbslocal.com,Male,128.3.150.183
7,Loree,Wallis,lwallis6@hostgator.com,Female,80.8.1.34
8,Fran,Biesterfeld,fbiesterfeld7@google.cn,Male,156.217.131.68
9,Silvia,McDyer,smcdyer8@eventbrite.com,Female,72.28.24.45
10,Lucille,Casterou,lcasterou9@irs.gov,Female,119.5.84.69
11,Chantalle,Bowerbank,cbowerbanka@ebay.co.uk,Female,86.202.187.8
12,Daniella,Takos,dtakosb@slashdot.org,Female,45.32.85.155
13,Rosita,Gossan,rgossanc@opensource.org,Female,69.157.253.239
14,Benedikt,Sinnott,bsinnottd@pcworld.com,Male,50.32.14.162
15,Lew,Fussell,lfusselle@china.com.cn,Male,56.108.39.103
16,Egbert,Plunket,eplunketf@wired.com,Male,5.125.135.108
17,Matthus,Formby,mformbyg@ox.ac.uk,Male,80.102.10.112
18,Miltie,Maccrea,mmaccreah@joomla.org,Male,237.67.196.14
19,Jayne,Gray,jgrayi@yandex.ru,Female,82.75.145.160
20,Moishe,Robic,mrobicj@hhs.gov,Male,17.35.41.138
21,Josey,Stanlock,jstanlockk@behance.net,Female,221.15.79.135
22,Roseann,Peacop,rpeacopl@merriam-webster.com,Female,52.111.110.196
23,Silvanus,Peake,speakem@bravesites.com,Male,22.219.151.125
24,Rosaleen,Duthie,rduthien@cnet.com,Female,235.77.49.152
25,Ansell,Yegorovnin,ayegorovnino@loc.gov,Male,46.5.159.163
26,Hilarius,Seefus,hseefusp@statcounter.com,Male,73.42.134.11
27,Padgett,Lambertazzi,plambertazziq@redcross.org,Male,8.69.201.185
28,Obidiah,Tolan,otolanr@si.edu,Male,143.90.249.149
29,Rennie,Cockett,rcocketts@furl.net,Female,232.22.26.99
30,Leesa,Clipston,lclipstont@tinyurl.com,Female,157.47.171.4
31,Gage,Freeberne,gfreeberneu@so-net.ne.jp,Male,254.110.23.237
32,Anabal,Battle,abattlev@163.com,Female,39.81.18.90
33,Julieta,Moehle,jmoehlew@berkeley.edu,Female,119.119.206.47
34,Elisabeth,Rivitt,erivittx@fda.gov,Female,135.95.160.109
35,Horacio,Duny,hdunyy@is.gd,Male,243.21.122.217
36,Grady,Crannell,gcrannellz@arstechnica.com,Male,231.144.171.186
37,Roxana,Peotz,rpeotz10@acquirethisname.com,Female,231.99.197.242
38,Rey,Plues,rplues11@taobao.com,Male,66.124.93.110
39,Steffen,Isaak,sisaak12@discuz.net,Male,205.66.93.229
40,Pietro,Jedrzejczyk,pjedrzejczyk13@tumblr.com,Male,93.50.66.220
41,Alden,Edghinn,aedghinn14@myspace.com,Male,60.148.168.158
42,Hyacinth,Pinor,hpinor15@cdc.gov,Female,172.8.245.140
43,Rosalia,Aiers,raiers16@bing.com,Female,135.247.30.143
44,Halsey,McGrane,hmcgrane17@buzzfeed.com,Male,150.182.200.209
45,Honoria,Honnan,hhonnan18@opensource.org,Female,213.149.203.208
46,Sheela,Binks,sbinks19@naver.com,Female,16.163.47.234
47,Harris,Wickerson,hwickerson1a@webs.com,Male,27.178.162.101
48,Berkly,Faircliffe,bfaircliffe1b@state.gov,Male,102.60.170.240
49,Rosanna,Rosengart,rrosengart1c@yolasite.com,Female,222.187.162.91
50,Merle,Nand,mnand1d@yahoo.co.jp,Male,211.99.167.167
51,Rainer,Doding,rdoding1e@princeton.edu,Male,1.26.174.93
52,Lanae,Ortiger,lortiger1f@bluehost.com,Female,133.11.147.154
53,Alexio,Pipping,apipping1g@google.cn,Male,133.131.146.222
54,Purcell,Limpricht,plimpricht1h@yolasite.com,Male,225.79.17.208
55,Mag,Gruszecki,mgruszecki1i@blogtalkradio.com,Female,113.171.26.142
56,Dore,Surgood,dsurgood1j@seattletimes.com,Female,182.58.237.85
57,Ruthi,Pigdon,rpigdon1k@aol.com,Female,29.108.138.212
58,Tova,Tissier,ttissier1l@mysql.com,Female,77.151.41.173
59,Mozes,Reames,mreames1m@trellian.com,Male,176.168.12.80
60,Vincent,Ruthven,vruthven1n@dropbox.com,Male,164.177.68.52
61,Marvin,Curley,mcurley1o@foxnews.com,Male,97.128.71.254
62,Boote,Nitti,bnitti1p@bbc.co.uk,Male,75.11.200.92
63,Payton,Massey,pmassey1q@bravesites.com,Male,133.167.180.40
64,Gavan,Rookledge,grookledge1r@mayoclinic.com,Male,83.43.104.156
65,Connor,Hollows,chollows1s@cnn.com,Male,183.124.7.67
66,Vic,Merrigans,vmerrigans1t@imdb.com,Male,18.71.252.192
67,Tristam,Barde,tbarde1u@yandex.ru,Male,252.237.137.182
68,Dunstan,Northeast,dnortheast1v@sogou.com,Male,51.122.197.96
69,Gwendolin,Treversh,gtreversh1w@exblog.jp,Female,191.17.96.62
70,Gardiner,Norway,gnorway1x@example.com,Male,141.63.185.206
71,Ari,Sugg,asugg1y@va.gov,Male,214.134.41.43
72,Dorolisa,Adamczyk,dadamczyk1z@paypal.com,Female,58.95.93.197
73,Davide,Blumson,dblumson20@economist.com,Male,153.101.210.129
74,Danyette,Opdenort,dopdenort21@cbc.ca,Female,200.164.4.218
75,Ely,Cowton,ecowton22@mlb.com,Male,193.251.230.104
76,Randie,Doghartie,rdoghartie23@rakuten.co.jp,Male,115.100.130.218
77,Corrine,Ropars,cropars24@harvard.edu,Female,233.118.72.104
78,Beth,Sidworth,bsidworth25@comcast.net,Female,89.119.246.158
79,Bessy,Darkin,bdarkin26@hhs.gov,Female,31.61.116.106
80,Alfonso,Bottelstone,abottelstone27@eventbrite.com,Male,108.67.51.246
81,Lina,Tremellier,ltremellier28@usnews.com,Female,93.160.214.226
82,Dory,Bauldry,dbauldry29@go.com,Male,7.251.106.138
83,Olympia,Haxell,ohaxell2a@bluehost.com,Female,199.240.237.242
84,Seymour,Saw,ssaw2b@wisc.edu,Male,231.16.197.24
85,Mitchell,Maddams,mmaddams2c@squarespace.com,Male,229.254.133.156
86,Nat,Levay,nlevay2d@linkedin.com,Female,10.212.152.15
87,Torin,Kynnd,tkynnd2e@1und1.de,Male,113.29.114.192
88,Alexei,Godon,agodon2f@independent.co.uk,Male,245.86.60.138
89,Hirsch,McCreadie,hmccreadie2g@tumblr.com,Male,130.30.103.191
90,Gypsy,Godmer,ggodmer2h@sfgate.com,Female,164.96.139.17
91,Bernardina,Ellard,bellard2i@reverbnation.com,Female,43.117.190.1
92,Carolin,Greschik,cgreschik2j@mlb.com,Female,233.190.5.33
93,Kurt,Gearty,kgearty2k@fda.gov,Male,94.97.136.144
94,Kattie,Mollatt,kmollatt2l@umn.edu,Female,227.204.157.160
95,Titus,Yekel,tyekel2m@tiny.cc,Male,47.11.21.217
96,Lisle,Cerie,lcerie2n@unicef.org,Male,216.7.185.203
97,Gale,Housden,ghousden2o@jiathis.com,Female,120.98.65.116
98,Cullen,MacClure,cmacclure2p@unblog.fr,Male,237.230.47.60
99,Marilee,Luxton,mluxton2q@csmonitor.com,Female,15.88.111.154
100,Ainslee,Southerden,asoutherden2r@tamu.edu,Female,189.102.225.60
101,Marybeth,Denison,mdenison2s@msu.edu,Female,160.125.31.222
102,Max,Fussell,mfussell2t@ovh.net,Female,166.77.182.9
103,Adele,Bazylets,abazylets2u@ehow.com,Female,114.7.157.10
104,Albertina,Marconi,amarconi2v@1688.com,Female,128.90.101.138
105,Padraic,Brampton,pbrampton2w@umich.edu,Male,248.139.120.225
106,Barnaby,Reavell,breavell2x@nifty.com,Male,219.46.45.47
107,Blanca,Kuhnert,bkuhnert2y@hhs.gov,Female,146.39.89.42
108,Gwenni,Sleep,gsleep2z@blog.com,Female,172.187.149.73
109,Charlene,Lohering,clohering30@tiny.cc,Female,21.67.116.40
110,Daron,Bosenworth,dbosenworth31@aboutads.info,Female,16.115.63.33
111,Anastasie,Nial,anial32@homestead.com,Female,207.238.78.8
112,Scotti,Willey,swilley33@imdb.com,Male,55.156.86.66
113,Hephzibah,Haggus,hhaggus34@moonfruit.com,Female,58.208.123.141
114,Angeline,Bodd,abodd35@youtu.be,Female,51.111.173.66
115,Syd,Crocker,scrocker36@ucla.edu,Male,228.162.202.119
116,Lenore,Kayne,lkayne37@irs.gov,Female,130.131.148.14
117,Merridie,Poor,mpoor38@jigsy.com,Female,19.249.163.221
118,Ronna,Sedworth,rsedworth39@topsy.com,Female,120.178.70.73
119,Levon,Claydon,lclaydon3a@craigslist.org,Male,189.87.210.18
120,Cliff,Tenny,ctenny3b@miitbeian.gov.cn,Male,68.31.208.104
121,Jack,Blackman,jblackman3c@skyrock.com,Male,11.61.188.79
122,Cosme,Bennet,cbennet3d@senate.gov,Male,202.217.118.26
123,Raymund,Rains,rrains3e@hostgator.com,Male,107.206.77.36
124,Perceval,Drohun,pdrohun3f@opensource.org,Male,67.233.96.146
125,Elihu,Comino,ecomino3g@google.com.hk,Male,73.145.66.142
126,Caro,Zoren,czoren3h@netvibes.com,Female,20.18.185.226
127,Fraser,Haxby,fhaxby3i@twitpic.com,Male,234.252.189.15
128,Tedd,Varty,tvarty3j@gnu.org,Male,78.231.234.83
129,Shannah,Johanchon,sjohanchon3k@dailymail.co.uk,Female,118.177.243.95
130,Darrell,Skirving,dskirving3l@netvibes.com,Male,182.255.223.108
131,Onida,Claypoole,oclaypoole3m@mit.edu,Female,73.99.92.49
132,Delano,Robet,drobet3n@prnewswire.com,Male,162.46.171.57
133,Lory,Ozanne,lozanne3o@squidoo.com,Female,156.238.184.149
134,Jefferey,Fullun,jfullun3p@upenn.edu,Male,142.30.87.185
135,Loralie,Beadles,lbeadles3q@51.la,Female,24.188.189.213
136,Cecilla,Shoebottom,cshoebottom3r@skyrock.com,Female,88.190.211.245
137,Tan,Oylett,toylett3s@timesonline.co.uk,Male,5.230.103.177
138,Putnem,Fumagallo,pfumagallo3t@ebay.com,Male,164.63.140.181
139,Lauralee,Huygens,lhuygens3u@businessinsider.com,Female,195.190.154.178
140,Evyn,Valentine,evalentine3v@forbes.com,Male,252.241.126.146
141,Gavra,Edney,gedney3w@ifeng.com,Female,139.185.204.111
142,Maurise,Spring,mspring3x@merriam-webster.com,Male,28.237.102.217
143,Bernadina,Raulin,braulin3y@mozilla.org,Female,138.114.157.199
144,Fowler,Sprionghall,fsprionghall3z@privacy.gov.au,Male,212.111.128.72
145,Alison,Shakesby,ashakesby40@i2i.jp,Female,134.46.59.231
146,Helaina,Lavrinov,hlavrinov41@chronoengine.com,Female,36.101.228.104
147,Manolo,Vogel,mvogel42@comsenz.com,Male,134.54.4.167
148,Giordano,Birchenhead,gbirchenhead43@newyorker.com,Male,247.229.222.133
149,Sofie,Holah,sholah44@accuweather.com,Female,11.15.0.58
150,Dave,Mallabone,dmallabone45@elpais.com,Male,118.91.50.94
151,Noe,Tschiersch,ntschiersch46@phoca.cz,Male,218.176.53.10
152,Jdavie,De Angelis,jdeangelis47@ehow.com,Male,89.37.245.225
153,Cherilyn,Bruhnsen,cbruhnsen48@shareasale.com,Female,42.208.78.209
154,Steffen,Sheehan,ssheehan49@blogtalkradio.com,Male,150.245.30.2
155,Benedikt,Costello,bcostello4a@smugmug.com,Male,76.42.127.111
156,Conrade,Dust,cdust4b@google.fr,Male,218.175.62.59
157,Sile,Waker,swaker4c@purevolume.com,Female,61.84.105.148
158,Dorie,Greg,dgreg4d@netscape.com,Female,194.50.149.226
159,Harwilll,McCrudden,hmccrudden4e@reverbnation.com,Male,184.49.3.89
160,Davide,Ramey,dramey4f@technorati.com,Male,201.94.11.40
161,Mab,Crowson,mcrowson4g@abc.net.au,Female,151.44.26.223
162,Zaneta,Roget,zroget4h@zdnet.com,Female,20.1.172.43
163,Merrile,Rustidge,mrustidge4i@reuters.com,Female,96.37.216.138
164,Germaine,Laux,glaux4j@utexas.edu,Male,154.31.232.240
165,Sarajane,Kiernan,skiernan4k@dropbox.com,Female,56.243.169.136
166,Eldridge,Timmens,etimmens4l@hugedomains.com,Male,139.101.142.32
167,Arline,Godier,agodier4m@people.com.cn,Female,168.238.25.32
168,Clywd,Weetch,cweetch4n@cargocollective.com,Male,70.105.14.140
169,Ad,Milhench,amilhench4o@miitbeian.gov.cn,Male,79.150.249.172
170,Linn,Piquard,lpiquard4p@ow.ly,Male,137.185.164.119
171,Olav,Local,olocal4q@typepad.com,Male,191.65.97.91
172,Darrell,Buxsey,dbuxsey4r@trellian.com,Male,109.138.76.252
173,Ahmed,Acory,aacory4s@usatoday.com,Male,204.102.199.41
174,Carlos,Sprason,csprason4t@ucsd.edu,Male,151.152.152.62
175,Joyous,McIllroy,jmcillroy4u@opera.com,Female,5.149.235.185
176,Tobye,Fearick,tfearick4v@yelp.com,Female,56.52.247.195
177,Guntar,Staynes,gstaynes4w@liveinternet.ru,Male,144.24.84.204
178,Derek,Egdal,degdal4x@edublogs.org,Male,169.53.214.73
179,Lena,Benard,lbenard4y@yellowbook.com,Female,82.227.172.40
180,Rhys,Goshawke,rgoshawke4z@mozilla.com,Male,178.203.68.241
181,Kamila,Roscamp,kroscamp50@home.pl,Female,211.147.145.155
182,Brander,Brewett,bbrewett51@elpais.com,Male,130.250.90.107
183,Kerr,Severwright,kseverwright52@marriott.com,Male,204.242.109.220
184,Lyndell,Papaccio,lpapaccio53@sbwire.com,Female,200.240.188.173
185,Claudius,Housley,chousley54@jimdo.com,Male,83.121.180.58
186,Rodrick,Harken,rharken55@woothemes.com,Male,150.181.2.161
187,Chrotoem,Figger,cfigger56@home.pl,Male,171.107.3.231
188,Coralyn,Sheard,csheard57@meetup.com,Female,33.199.147.64
189,Pincus,Ploughwright,pploughwright58@github.com,Male,173.175.71.190
190,Dunstan,Furlong,dfurlong59@example.com,Male,200.26.197.231
191,Dougy,Henstridge,dhenstridge5a@soundcloud.com,Male,251.232.243.16
192,Marna,Bricknall,mbricknall5b@wordpress.org,Female,145.63.220.71
193,Berti,Toolin,btoolin5c@naver.com,Male,217.87.57.94
194,Lucias,Painswick,lpainswick5d@yelp.com,Male,226.192.69.190
195,Iggie,Feasby,ifeasby5e@edublogs.org,Male,52.137.213.211
196,Cynthie,Bolletti,cbolletti5f@quantcast.com,Female,229.193.253.187
197,Maximilianus,Culkin,mculkin5g@prnewswire.com,Male,71.171.29.65
198,Ninon,Hayers,nhayers5h@boston.com,Female,105.64.137.78
199,Tricia,Brock,tbrock5i@independent.co.uk,Female,92.227.102.243
200,Sigismondo,Copas,scopas5j@mysql.com,Male,190.246.112.99
201,Winifield,Mackerel,wmackerel5k@usnews.com,Male,163.252.169.250
202,Abbe,Grattage,agrattage5l@moonfruit.com,Female,211.54.38.212
203,Carita,Rucklidge,crucklidge5m@ehow.com,Female,18.195.203.153
204,Zaccaria,Jopke,zjopke5n@ucoz.ru,Male,232.18.143.255
205,Melessa,Radborne,mradborne5o@facebook.com,Female,168.247.219.5
206,Edlin,Rash,erash5p@state.tx.us,Male,212.124.194.164
207,Charil,Bleby,cbleby5q@tinypic.com,Female,34.161.145.87
208,Woodman,Pestell,wpestell5r@flickr.com,Male,171.121.221.30
209,Devonne,Eltone,deltone5s@tuttocitta.it,Female,107.72.85.122
210,Bradan,Seide,bseide5t@unicef.org,Male,101.49.30.139
211,Eve,Kuhlmey,ekuhlmey5u@usa.gov,Female,213.206.240.195
212,Paolina,Tenwick,ptenwick5v@opera.com,Female,34.11.65.245
213,Antonia,Lighten,alighten5w@google.cn,Female,2.129.138.148
214,Charlot,Perutto,cperutto5x@php.net,Female,154.83.27.73
215,Leslie,Lobell,llobell5y@ed.gov,Male,221.13.9.140
216,Cleo,Brownlie,cbrownlie5z@seesaa.net,Female,237.169.173.50
217,Sabina,Tassel,stassel60@un.org,Female,79.30.213.138
218,Nels,Axcell,naxcell61@wisc.edu,Male,23.214.144.42
219,Janine,Shambroke,jshambroke62@newyorker.com,Female,201.136.166.238
220,Siward,Phipps,sphipps63@amazonaws.com,Male,97.113.196.9
221,Claire,Abbiss,cabbiss64@cdbaby.com,Male,203.55.3.182
222,Tandi,Vale,tvale65@mtv.com,Female,107.97.34.64
223,Cassius,Briat,cbriat66@blinklist.com,Male,235.3.61.137
224,Selina,Elston,selston67@apple.com,Female,16.183.2.144
225,Vincenty,Easthope,veasthope68@redcross.org,Male,40.140.214.237
226,Cyb,Loomes,cloomes69@deliciousdays.com,Female,183.161.170.78
227,Findlay,Thorowgood,fthorowgood6a@seesaa.net,Male,208.29.230.243
228,Lorens,Andres,landres6b@deliciousdays.com,Male,244.70.245.39
229,Florri,Le Merchant,flemerchant6c@blogtalkradio.com,Female,99.179.144.96
230,Renata,Chilles,rchilles6d@zimbio.com,Female,146.163.25.184
231,Urbano,Simioni,usimioni6e@123-reg.co.uk,Male,235.230.1.53
232,Allyce,Alker,aalker6f@msn.com,Female,165.42.90.37
233,Paulie,Ply,pply6g@reuters.com,Male,24.27.5.206
234,Ban,Avo,bavo6h@pinterest.com,Male,66.126.14.89
235,Shay,Hess,shess6i@t.co,Female,80.194.48.6
236,Moise,Alban,malban6j@thetimes.co.uk,Male,230.196.226.39
237,Maxie,Hatter,mhatter6k@nasa.gov,Male,80.207.167.35
238,Cort,Tindley,ctindley6l@baidu.com,Male,238.125.61.174
239,Raimondo,Balderston,rbalderston6m@creativecommons.org,Male,239.119.244.40
240,Norris,Gillman,ngillman6n@ezinearticles.com,Male,46.140.255.118
241,Lilyan,Doles,ldoles6o@archive.org,Female,212.47.183.9
242,Flss,Gages,fgages6p@taobao.com,Female,3.154.88.194
243,Shara,Anfosso,sanfosso6q@prweb.com,Female,78.249.106.31
244,Bartel,Vosse,bvosse6r@patch.com,Male,210.35.102.219
245,Estrella,Took,etook6s@japanpost.jp,Female,134.112.43.147
246,Honoria,Winchcombe,hwinchcombe6t@quantcast.com,Female,128.241.166.43
247,Bobbie,Dowdell,bdowdell6u@purevolume.com,Male,60.134.139.216
248,Joella,Sedgman,jsedgman6v@issuu.com,Female,234.8.9.19
249,Gene,Lauritsen,glauritsen6w@wikipedia.org,Female,159.19.242.67
250,Connie,Sheen,csheen6x@reddit.com,Male,178.40.98.12
251,Nada,Grindrod,ngrindrod6y@about.com,Female,101.227.17.149
252,Shirleen,McGeorge,smcgeorge6z@livejournal.com,Female,100.98.173.128
253,Brady,Deacon,bdeacon70@dell.com,Male,178.233.110.118
254,Angela,Mutimer,amutimer71@nba.com,Female,189.9.242.54
255,Gus,Torry,gtorry72@ucla.edu,Female,200.22.8.95
256,Oren,Porker,oporker73@mysql.com,Male,149.7.75.94
257,Kinnie,Scarsbrick,kscarsbrick74@flickr.com,Male,228.93.19.119
258,Carlin,Esselin,cesselin75@artisteer.com,Male,8.187.29.205
259,Pattie,Meddemmen,pmeddemmen76@ovh.net,Male,85.47.5.93
260,Zita,Bartholomieu,zbartholomieu77@cargocollective.com,Female,40.99.54.163
261,Darcey,Danilishin,ddanilishin78@seesaa.net,Female,86.245.244.191
262,Leupold,Leeb,lleeb79@facebook.com,Male,202.109.145.70
263,Ralf,Trehearn,rtrehearn7a@soup.io,Male,45.198.254.61
264,Gare,Skeldon,gskeldon7b@hao123.com,Male,123.250.221.100
265,Calvin,Geeson,cgeeson7c@nationalgeographic.com,Male,0.226.214.113
266,Pru,Strelitzer,pstrelitzer7d@dailymail.co.uk,Female,76.161.47.215
267,Abe,D'Alwis,adalwis7e@springer.com,Male,218.200.191.36
268,Stoddard,Fields,sfields7f@xinhuanet.com,Female,38.200.74.215
269,Trey,Ridolfi,tridolfi7g@auda.org.au,Male,63.17.210.0
270,Kimble,Winthrop,kwinthrop7h@spiegel.de,Male,248.148.194.235
271,Prissie,Carlyon,pcarlyon7i@mayoclinic.com,Female,51.67.62.113
272,Lammond,Rolin,lrolin7j@whitehouse.gov,Male,93.4.195.195
273,Hedwig,Spragge,hspragge7k@simplemachines.org,Female,108.84.127.114
274,Tirrell,Kilmister,tkilmister7l@netscape.com,Male,233.160.236.42
275,Judith,Stainton - Skinn,jstaintonskinn7m@amazon.com,Female,119.235.82.196
276,Moishe,Firsby,mfirsby7n@liveinternet.ru,Male,182.118.206.153
277,Vivyanne,Hailston,vhailston7o@ebay.co.uk,Female,155.16.108.152
278,Brendin,Attaway,battaway7p@devhub.com,Male,16.190.165.83
279,Anett,MacLardie,amaclardie7q@google.ru,Female,185.141.85.241
280,Jolie,Loweth,jloweth7r@globo.com,Female,44.170.39.103
281,Ellswerth,Dodswell,edodswell7s@123-reg.co.uk,Male,201.149.175.99
282,Fania,Prandy,fprandy7t@tamu.edu,Female,227.254.85.114
283,Glynn,Alleyn,galleyn7u@live.com,Male,43.92.233.61
284,Meredithe,Boice,mboice7v@linkedin.com,Female,140.16.173.124
285,Teresita,Rief,trief7w@newyorker.com,Female,207.100.87.9
286,Irwinn,Episcopio,iepiscopio7x@cmu.edu,Male,145.154.99.226
287,Inna,Reyes,ireyes7y@skyrock.com,Female,229.48.9.94
288,Lucy,Earry,learry7z@thetimes.co.uk,Female,205.98.206.249
289,Farley,Newlin,fnewlin80@wsj.com,Male,154.224.225.104
290,Jdavie,McTeer,jmcteer81@wsj.com,Male,183.203.32.82
291,Thorsten,Bowhay,tbowhay82@sina.com.cn,Male,98.183.161.10
292,Stevy,Gaudin,sgaudin83@delicious.com,Male,53.187.133.140
293,Silas,Kilrow,skilrow84@sfgate.com,Male,47.230.227.125
294,Genovera,Chamberlaine,gchamberlaine85@foxnews.com,Female,39.176.218.66
295,Benyamin,Dietmar,bdietmar86@cbc.ca,Male,211.55.113.144
296,Kristopher,Casellas,kcasellas87@marketwatch.com,Male,72.162.173.158
297,Naoma,Jephcott,njephcott88@biglobe.ne.jp,Female,224.72.243.254
298,Giana,Cappell,gcappell89@reference.com,Female,219.214.176.232
299,Hildegarde,Pyson,hpyson8a@wunderground.com,Female,166.216.52.205
300,Ethel,Clilverd,eclilverd8b@bandcamp.com,Female,234.205.254.216
301,Olive,Cosley,ocosley8c@princeton.edu,Female,219.13.251.112
302,Manuel,Crunkhurn,mcrunkhurn8d@usda.gov,Male,164.104.27.51
303,Regina,Comiam,rcomiam8e@elegantthemes.com,Female,221.53.149.224
304,Chan,Farnin,cfarnin8f@gnu.org,Male,0.11.247.173
305,Moss,Currin,mcurrin8g@csmonitor.com,Male,195.59.70.89
306,Waverly,Shann,wshann8h@google.fr,Male,179.106.78.15
307,Everett,Bawles,ebawles8i@forbes.com,Male,139.157.236.112
308,Cate,Clifford,cclifford8j@netvibes.com,Female,186.251.195.37
309,Helli,Eilert,heilert8k@omniture.com,Female,184.191.240.51
310,Othella,Lewson,olewson8l@chron.com,Female,52.171.153.246
311,Renate,Boullen,rboullen8m@jugem.jp,Female,197.175.41.16
312,Lurleen,Charles,lcharles8n@amazon.co.jp,Female,197.193.139.230
313,Jenilee,Downage,jdownage8o@vistaprint.com,Female,239.191.3.167
314,Pauly,Maiklem,pmaiklem8p@nyu.edu,Female,236.17.157.50
315,Cheston,Hadleigh,chadleigh8q@youtube.com,Male,225.196.80.138
316,Vincenz,Steinson,vsteinson8r@paginegialle.it,Male,184.21.87.97
317,Giorgia,Desesquelle,gdesesquelle8s@mashable.com,Female,140.2.131.86
318,Torin,Berresford,tberresford8t@apple.com,Male,218.147.159.52
319,Maitilde,Mound,mmound8u@boston.com,Female,67.12.73.215
320,Nolly,McLorinan,nmclorinan8v@youku.com,Male,94.238.244.199
321,Brena,McQuie,bmcquie8w@state.gov,Female,14.5.208.11
322,Tove,McLagain,tmclagain8x@eventbrite.com,Female,45.230.224.113
323,Janela,Balharry,jbalharry8y@last.fm,Female,208.23.77.187
324,Annora,Eccleshall,aeccleshall8z@yolasite.com,Female,122.244.70.181
325,Kippie,Bafford,kbafford90@reuters.com,Male,14.56.151.158
326,Reamonn,Coggeshall,rcoggeshall91@meetup.com,Male,249.2.88.131
327,Hobard,Gargett,hgargett92@chicagotribune.com,Male,149.69.20.95
328,Brose,Btham,bbtham93@zimbio.com,Male,161.23.88.178
329,Yolane,Chrystal,ychrystal94@businessweek.com,Female,178.227.64.6
330,Claudianus,Hiscocks,chiscocks95@booking.com,Male,240.224.113.198
331,Conroy,Cutbirth,ccutbirth96@chronoengine.com,Male,18.37.226.250
332,Cinderella,Agate,cagate97@homestead.com,Female,102.65.141.48
333,Russ,Harrill,rharrill98@bluehost.com,Male,101.225.214.121
334,Onfroi,Lavalde,olavalde99@ovh.net,Male,209.149.62.119
335,Farah,McFeate,fmcfeate9a@odnoklassniki.ru,Female,147.213.119.102
336,Chrotoem,Jerrome,cjerrome9b@indiatimes.com,Male,225.140.45.63
337,Wyndham,Downs,wdowns9c@netlog.com,Male,208.75.60.51
338,Odey,Ensley,oensley9d@dell.com,Male,104.185.209.92
339,Gordon,Loud,gloud9e@webmd.com,Male,93.21.124.87
340,Bud,Fabb,bfabb9f@bing.com,Male,135.180.192.85
341,Carlotta,Carless,ccarless9g@amazonaws.com,Female,24.10.170.16
342,Aurora,Dain,adain9h@newyorker.com,Female,103.50.228.61
343,Delmar,Degoe,ddegoe9i@mysql.com,Male,230.28.28.84
344,Gilbert,Graham,ggraham9j@google.com.au,Male,64.114.249.69
345,Jen,Hastler,jhastler9k@nydailynews.com,Female,231.94.202.118
346,Torre,Antos,tantos9l@deviantart.com,Male,102.234.214.228
347,Iorgos,Sizey,isizey9m@cafepress.com,Male,85.249.59.195
348,Leila,Monard,lmonard9n@biglobe.ne.jp,Female,53.86.82.16
349,Perice,Nunn,pnunn9o@dagondesign.com,Male,222.234.5.125
350,Crystie,Keneforde,ckeneforde9p@example.com,Female,203.171.131.36
351,Lauretta,Pelosi,lpelosi9q@qq.com,Female,128.204.80.148
352,Augie,Harrigan,aharrigan9r@walmart.com,Male,245.228.171.3
353,Ainslee,Demer,ademer9s@soundcloud.com,Female,237.27.11.72
354,Uriel,Davidavidovics,udavidavidovics9t@imageshack.us,Male,121.229.81.63
355,Bev,Prendergast,bprendergast9u@yandex.ru,Male,177.1.55.56
356,Corabelle,Bauchop,cbauchop9v@bluehost.com,Female,79.17.83.100
357,Frederic,Jessopp,fjessopp9w@ca.gov,Male,99.36.4.242
358,Torry,Chart,tchart9x@about.me,Male,58.118.246.238
359,Hall,Marlon,hmarlon9y@epa.gov,Male,1.88.208.229
360,Dodie,Johann,djohann9z@cocolog-nifty.com,Female,163.87.192.187
361,Red,Feldstein,rfeldsteina0@mayoclinic.com,Male,183.126.229.178
362,Stefania,Tedridge,stedridgea1@discovery.com,Female,147.58.213.48
363,Waylon,Giottoi,wgiottoia2@merriam-webster.com,Male,37.174.141.135
364,Maybelle,Tregiddo,mtregiddoa3@tamu.edu,Female,13.70.200.237
365,Denis,McCuaig,dmccuaiga4@unblog.fr,Male,165.186.167.160
366,Moyna,Panas,mpanasa5@booking.com,Female,255.216.100.192
367,Blayne,Bowller,bbowllera6@jiathis.com,Male,18.139.117.107
368,Heidie,Cheeney,hcheeneya7@macromedia.com,Female,66.145.16.28
369,Aurthur,Laurens,alaurensa8@shinystat.com,Male,17.238.99.164
370,Elton,Bussey,ebusseya9@t-online.de,Male,238.124.169.30
371,Tamara,Jurisic,tjurisicaa@homestead.com,Female,80.165.21.72
372,Emmett,Lowers,elowersab@webmd.com,Male,230.251.51.174
373,Wilbur,Fery,wferyac@storify.com,Male,158.199.46.82
374,Isac,Wrigley,iwrigleyad@google.nl,Male,243.23.131.217
375,Mirabelle,Mc Andrew,mmcandrewae@typepad.com,Female,184.52.163.163
376,Tiphani,Learoyd,tlearoydaf@guardian.co.uk,Female,221.137.163.252
377,Barr,Achromov,bachromovag@sitemeter.com,Male,131.0.239.9
378,Tate,Sherrell,tsherrellah@google.co.uk,Male,13.79.198.5
379,Jeanna,Barthel,jbarthelai@hubpages.com,Female,30.61.3.117
380,Lucilia,Petche,lpetcheaj@blog.com,Female,15.51.131.19
381,Mildrid,Lett,mlettak@github.io,Female,207.25.195.77
382,Marley,Taye,mtayeal@facebook.com,Female,169.4.52.139
383,Giacomo,Ritchard,gritchardam@t.co,Male,32.50.3.213
384,Clayborn,Rowledge,crowledgean@mtv.com,Male,227.141.205.65
385,Alexina,Burris,aburrisao@fda.gov,Female,147.59.169.79
386,Winslow,Torrie,wtorrieap@xing.com,Male,14.44.22.42
387,John,Cameli,jcameliaq@tamu.edu,Male,55.157.230.99
388,Torrance,Sor,tsorar@freewebs.com,Male,234.254.58.139
389,Suzanne,McMonies,smcmoniesas@dropbox.com,Female,184.70.182.125
390,Raffarty,Trammel,rtrammelat@shareasale.com,Male,191.38.23.174
391,Jamie,Djekic,jdjekicau@irs.gov,Female,201.8.71.235
392,Katti,Scritch,kscritchav@chronoengine.com,Female,54.37.121.105
393,Drugi,Jesson,djessonaw@is.gd,Male,56.7.126.244
394,Rhett,Rowet,rrowetax@bloglines.com,Male,26.45.153.248
395,Nelia,Ruecastle,nruecastleay@miibeian.gov.cn,Female,2.118.154.140
396,Stu,Estcot,sestcotaz@tuttocitta.it,Male,158.40.211.164
397,Rory,Goggin,rgogginb0@mysql.com,Male,183.146.246.247
398,Morgun,Sellens,msellensb1@princeton.edu,Male,43.223.246.72
399,Floris,Cage,fcageb2@yahoo.com,Female,215.42.136.220
400,Martyn,Myerscough,mmyerscoughb3@dmoz.org,Male,73.96.180.12
401,Karissa,Wittier,kwittierb4@vkontakte.ru,Female,227.28.244.212
402,Katleen,Endricci,kendriccib5@marriott.com,Female,50.127.213.23
403,Mada,Headon,mheadonb6@taobao.com,Female,133.100.246.7
404,Granny,Gitsham,ggitshamb7@telegraph.co.uk,Male,198.112.75.57
405,Laraine,Panner,lpannerb8@simplemachines.org,Female,182.237.60.217
406,Andra,Larmuth,alarmuthb9@smh.com.au,Female,193.46.210.72
407,Nicolette,Sheaf,nsheafba@posterous.com,Female,8.254.22.58
408,Coletta,Storcke,cstorckebb@uiuc.edu,Female,68.154.255.86
409,Kippie,Ansley,kansleybc@amazonaws.com,Male,207.135.41.252
410,Kristo,Baxandall,kbaxandallbd@businessweek.com,Male,224.204.201.140
411,Quintus,Cowsby,qcowsbybe@hibu.com,Male,201.181.138.166
412,Iggy,Dale,idalebf@seesaa.net,Male,21.147.184.236
413,Jareb,Abramamovh,jabramamovhbg@mozilla.org,Male,7.244.89.193
414,Tobe,Carnaman,tcarnamanbh@go.com,Male,155.207.55.251
415,Sheena,Bollands,sbollandsbi@moonfruit.com,Female,160.17.35.44
416,Henriette,Graves,hgravesbj@hugedomains.com,Female,152.61.152.166
417,Ralf,Bratton,rbrattonbk@cbsnews.com,Male,161.224.50.128
418,Sergeant,Cromleholme,scromleholmebl@gnu.org,Male,119.60.187.40
419,Garald,Lenin,gleninbm@ustream.tv,Male,45.105.64.231
420,Vyky,Reffe,vreffebn@vimeo.com,Female,253.94.163.132
421,Ewen,Thombleson,ethomblesonbo@constantcontact.com,Male,196.143.128.229
422,Katey,Woodroff,kwoodroffbp@slate.com,Female,121.251.24.197
423,Robbie,Bertwistle,rbertwistlebq@sbwire.com,Female,200.144.4.83
424,Geoffry,Millberg,gmillbergbr@blogs.com,Male,156.215.108.86
425,Noam,Strasse,nstrassebs@oracle.com,Male,100.79.217.183
426,Elie,Bamforth,ebamforthbt@statcounter.com,Female,32.82.29.85
427,Marylinda,Rippingall,mrippingallbu@pen.io,Female,96.97.185.80
428,Margaret,Clashe,mclashebv@upenn.edu,Female,217.203.81.75
429,Burch,Serrels,bserrelsbw@newyorker.com,Male,106.242.221.40
430,Boonie,Placido,bplacidobx@addthis.com,Male,80.186.0.75
431,Jamill,Seller,jsellerby@nyu.edu,Male,194.178.225.105
432,Dyann,Mil,dmilbz@rediff.com,Female,91.85.243.217
433,Belita,Comelli,bcomellic0@oakley.com,Female,131.203.194.233
434,Trevor,Mapes,tmapesc1@hexun.com,Male,141.148.178.44
435,Woodman,Casier,wcasierc2@businesswire.com,Male,210.7.211.174
436,Ira,Mearns,imearnsc3@ted.com,Male,36.191.1.46
437,Sergei,Honacker,shonackerc4@webeden.co.uk,Male,176.123.243.103
438,Kahaleel,Fewkes,kfewkesc5@lulu.com,Male,86.101.140.89
439,Clement,Fettiplace,cfettiplacec6@blogtalkradio.com,Male,21.168.242.152
440,Ronald,Leyton,rleytonc7@blog.com,Male,219.2.235.206
441,Tove,Overell,toverellc8@shareasale.com,Female,210.175.105.105
442,Diane,Blow,dblowc9@sbwire.com,Female,45.12.8.138
443,Jase,Bulter,jbulterca@phoca.cz,Male,196.99.235.162
444,Roderigo,O'Brollachain,robrollachaincb@tamu.edu,Male,223.130.213.60
445,Reamonn,Petr,rpetrcc@gov.uk,Male,68.132.128.218
446,Merell,Magovern,mmagoverncd@moonfruit.com,Male,0.172.114.248
447,Normie,Andreas,nandreasce@plala.or.jp,Male,50.129.129.58
448,Jeni,Farrey,jfarreycf@cbsnews.com,Female,159.183.173.224
449,Emlynne,D'Aulby,edaulbycg@unc.edu,Female,225.169.229.168
450,Koressa,Pennazzi,kpennazzich@gmpg.org,Female,111.91.115.29
451,Louella,Arlt,larltci@sogou.com,Female,228.52.191.215
452,Sharity,Strewther,sstrewthercj@usatoday.com,Female,187.192.64.5
453,Margarette,Siflet,msifletck@nymag.com,Female,204.28.179.138
454,Marga,Ffrench,mffrenchcl@hp.com,Female,106.42.60.34
455,Aggy,Hallbird,ahallbirdcm@nydailynews.com,Female,127.216.131.229
456,Hendrick,Rounsefull,hrounsefullcn@usda.gov,Male,246.146.236.122
457,Dre,Deppe,ddeppeco@telegraph.co.uk,Female,12.68.228.7
458,Corny,Beddoe,cbeddoecp@howstuffworks.com,Female,149.38.219.108
459,Gradeigh,MacNeachtain,gmacneachtaincq@woothemes.com,Male,1.193.213.56
460,Win,Schiersch,wschierschcr@lycos.com,Male,60.157.235.190
461,Moshe,Cranstone,mcranstonecs@weibo.com,Male,201.29.181.29
462,Elsa,Jarvie,ejarviect@marriott.com,Female,33.238.125.249
463,Fifi,Lilliman,flillimancu@whitehouse.gov,Female,8.236.174.41
464,Wenda,Glanester,wglanestercv@qq.com,Female,239.2.140.102
465,Panchito,Duckhouse,pduckhousecw@google.com.hk,Male,253.186.97.243
466,Eve,Lyokhin,elyokhincx@instagram.com,Female,25.90.77.33
467,Wheeler,Jarred,wjarredcy@pbs.org,Male,207.96.218.203
468,Rorie,Churm,rchurmcz@mashable.com,Female,39.175.220.140
469,Dara,Hartigan,dhartigand0@amazon.com,Female,157.132.129.236
470,Masha,Bohlin,mbohlind1@vkontakte.ru,Female,63.118.133.51
471,Coraline,Glaum,cglaumd2@ucoz.ru,Female,209.146.203.240
472,Iolanthe,Fossitt,ifossittd3@paginegialle.it,Female,59.47.218.156
473,Denna,Polleye,dpolleyed4@netscape.com,Female,8.109.96.4
474,Babara,Senecaux,bsenecauxd5@zdnet.com,Female,190.72.42.74
475,Jolee,Lidstone,jlidstoned6@biblegateway.com,Female,209.93.78.44
476,Anderson,Barnsdall,abarnsdalld7@google.co.uk,Male,91.251.58.201
477,Shalne,Gowland,sgowlandd8@rediff.com,Female,15.5.189.237
478,Ferdinand,Mattin,fmattind9@merriam-webster.com,Male,156.54.92.51
479,Catlaina,Kenvin,ckenvinda@shop-pro.jp,Female,102.200.218.87
480,Fons,Ridulfo,fridulfodb@wiley.com,Male,17.97.198.250
481,Alvie,Molloy,amolloydc@cmu.edu,Male,212.177.45.207
482,Sebastian,Camidge,scamidgedd@ft.com,Male,176.195.225.187
483,Mitchel,Devanney,mdevanneyde@twitpic.com,Male,60.155.13.5
484,Star,Picton,spictondf@ocn.ne.jp,Female,107.176.168.57
485,Weston,Danniel,wdannieldg@mit.edu,Male,174.136.159.0
486,Emera,Claringbold,eclaringbolddh@yolasite.com,Female,14.131.170.132
487,Starr,Bayles,sbaylesdi@yolasite.com,Female,18.229.3.202
488,Sigismond,Eam,seamdj@clickbank.net,Male,195.40.37.97
489,Jena,McGonnell,jmcgonnelldk@goo.gl,Female,108.27.198.174
490,Gifford,Deveral,gdeveraldl@theguardian.com,Male,23.117.0.165
491,Lorna,Hutfield,lhutfielddm@wiley.com,Female,122.86.9.65
492,Carling,Tame,ctamedn@un.org,Male,3.44.200.110
493,Helli,Faragan,hfaragando@cbsnews.com,Female,245.3.150.216
494,Tulley,Yven,tyvendp@ucoz.com,Male,72.199.234.175
495,Rance,Worge,rworgedq@columbia.edu,Male,226.165.18.158
496,Teresita,Twinterman,ttwintermandr@apache.org,Female,187.127.255.29
497,Tracy,Billinge,tbillingeds@imdb.com,Female,57.67.51.63
498,Paulie,Dougher,pdougherdt@edublogs.org,Female,15.116.248.190
499,Fiorenze,Carstairs,fcarstairsdu@indiatimes.com,Female,192.215.142.79
500,Dasha,Brawson,dbrawsondv@cbc.ca,Female,8.152.254.231
501,Patin,Welberry,pwelberrydw@nymag.com,Male,167.53.185.119
502,Florence,de Lloyd,fdelloyddx@histats.com,Female,100.198.126.241
503,Mersey,Eriksson,merikssondy@un.org,Female,30.112.17.207
504,Ara,Wheildon,awheildondz@xinhuanet.com,Male,31.145.195.95
505,Ryon,Schirach,rschirache0@uol.com.br,Male,4.82.66.44
506,Danielle,Chedgey,dchedgeye1@nytimes.com,Female,66.228.207.255
507,Urson,Fotitt,ufotitte2@google.it,Male,136.209.140.0
508,Abbot,Noweak,anoweake3@icio.us,Male,79.13.224.159
509,Jude,Geelan,jgeelane4@blog.com,Male,14.96.71.86
510,Pearline,Loader,ploadere5@scientificamerican.com,Female,20.68.251.219
511,Reuven,McTrustie,rmctrustiee6@wunderground.com,Male,249.240.83.227
512,Maryrose,Dugdale,mdugdalee7@google.com.br,Female,220.3.130.9
513,Shae,Waddup,swaddupe8@opera.com,Female,198.202.170.7
514,Quincy,Seawright,qseawrighte9@ca.gov,Male,183.79.75.139
515,Jeanelle,Collingwood,jcollingwoodea@example.com,Female,30.148.50.240
516,Malcolm,Purkess,mpurkesseb@bing.com,Male,22.104.78.162
517,Griff,Petrillo,gpetrilloec@msn.com,Male,192.188.76.157
518,Albert,Davydzenko,adavydzenkoed@wunderground.com,Male,136.86.155.97
519,Tedi,Scowen,tscowenee@google.co.uk,Female,144.195.84.226
520,Tommie,Yandell,tyandellef@soup.io,Male,16.234.0.69
521,Lothaire,Hatterslay,lhatterslayeg@webnode.com,Male,54.63.188.80
522,Jayme,Tetther,jtetthereh@mediafire.com,Male,173.208.60.237
523,Boniface,Feldstein,bfeldsteinei@unblog.fr,Male,91.164.67.183
524,Findley,Pirie,fpirieej@imdb.com,Male,188.31.85.198
525,Gwenny,Ropp,groppek@ucoz.ru,Female,112.26.31.196
526,Ellette,Portman,eportmanel@fc2.com,Female,164.92.202.128
527,Lorenzo,Karpeev,lkarpeevem@ebay.com,Male,129.36.56.181
528,Baird,Spring,bspringen@reuters.com,Male,101.244.26.124
529,Kendall,Eaken,keakeneo@cam.ac.uk,Male,157.34.207.60
530,Enrico,Colegrove,ecolegroveep@umn.edu,Male,65.7.96.197
531,Netty,Sieghart,nsiegharteq@newyorker.com,Female,0.66.84.60
532,Sonnie,Tunnick,stunnicker@usda.gov,Female,38.207.219.203
533,Sallyann,Monelli,smonellies@geocities.jp,Female,47.56.50.140
534,Layla,Grief,lgriefet@accuweather.com,Female,239.207.171.96
535,Dexter,Gergolet,dgergoleteu@independent.co.uk,Male,241.46.22.162
536,Jeremias,Petranek,jpetranekev@amazonaws.com,Male,150.234.129.47
537,Stillman,Tudge,studgeew@plala.or.jp,Male,19.143.182.79
538,Paula,Kliemchen,pkliemchenex@youtu.be,Female,96.73.6.245
539,Willetta,Antcliff,wantcliffey@csmonitor.com,Female,174.118.89.245
540,Bradly,Alfonsini,balfonsiniez@linkedin.com,Male,1.49.109.153
541,Edwina,Lodewick,elodewickf0@biglobe.ne.jp,Female,119.29.137.54
542,Heindrick,Noraway,hnorawayf1@artisteer.com,Male,242.245.158.212
543,Hannie,Jone,hjonef2@topsy.com,Female,118.24.174.72
544,Rudy,Shearstone,rshearstonef3@360.cn,Male,226.51.226.238
545,Kelcey,Shelvey,kshelveyf4@marketwatch.com,Female,13.154.58.239
546,Findley,Peaseman,fpeasemanf5@photobucket.com,Male,2.108.151.132
547,Jacinthe,Windle,jwindlef6@zdnet.com,Female,204.195.75.94
548,Dara,Breedy,dbreedyf7@earthlink.net,Female,14.127.198.39
549,Fields,Pinckney,fpinckneyf8@abc.net.au,Male,64.109.191.12
550,Matthaeus,Borles,mborlesf9@ifeng.com,Male,242.207.66.77
551,Bekki,Pieper,bpieperfa@4shared.com,Female,148.189.28.164
552,Raoul,Phil,rphilfb@google.it,Male,78.16.233.249
553,Phylis,Cansdell,pcansdellfc@a8.net,Female,184.141.150.126
554,Chrissie,McGiffin,cmcgiffinfd@miibeian.gov.cn,Male,16.16.107.117
555,Mia,Ast,mastfe@goo.gl,Female,207.98.111.94
556,Karole,Farries,kfarriesff@adobe.com,Female,81.71.136.64
557,Meyer,Barthelmes,mbarthelmesfg@youtu.be,Male,222.208.162.65
558,Babara,Pakes,bpakesfh@unicef.org,Female,123.98.105.204
559,Shep,Rubinchik,srubinchikfi@barnesandnoble.com,Male,65.45.15.189
560,Elinore,Rosenfrucht,erosenfruchtfj@4shared.com,Female,90.147.43.40
561,Pryce,Baldacchino,pbaldacchinofk@dropbox.com,Male,139.48.110.215
562,Christal,Graundisson,cgraundissonfl@51.la,Female,12.201.105.79
563,Dorolice,Dempsey,ddempseyfm@illinois.edu,Female,111.126.52.184
564,Fannie,Splevin,fsplevinfn@earthlink.net,Female,18.76.98.242
565,Bax,Sharvell,bsharvellfo@chronoengine.com,Male,59.205.243.248
566,Bobbie,Eagell,beagellfp@fastcompany.com,Female,93.89.102.112
567,Beatrix,Wattinham,bwattinhamfq@edublogs.org,Female,234.126.22.157
568,Durante,Wooller,dwoollerfr@themeforest.net,Male,135.223.211.43
569,Salomo,Benyan,sbenyanfs@eepurl.com,Male,48.204.59.158
570,Moina,Jiri,mjirift@netvibes.com,Female,248.174.244.41
571,Burtie,Klementz,bklementzfu@tiny.cc,Male,87.57.75.209
572,Errick,Ellen,eellenfv@theglobeandmail.com,Male,224.37.192.139
573,Sibyl,Lanham,slanhamfw@opensource.org,Female,212.139.160.152
574,Berry,Isherwood,bisherwoodfx@usa.gov,Female,162.162.74.105
575,Loleta,Ruppert,lruppertfy@alibaba.com,Female,154.9.209.229
576,Geraldine,Spires,gspiresfz@google.com,Female,107.1.154.46
577,Vina,Shinton,vshintong0@51.la,Female,210.216.212.110
578,Ailee,Hammon,ahammong1@sourceforge.net,Female,31.35.5.114
579,Westbrooke,Kerwen,wkerweng2@state.tx.us,Male,159.26.99.37
580,Mathias,Billam,mbillamg3@naver.com,Male,145.231.189.222
581,Domenic,Eddowes,deddowesg4@cnet.com,Male,29.223.249.38
582,Tris,Deaves,tdeavesg5@about.me,Male,136.146.157.190
583,Gretel,Grist,ggristg6@weebly.com,Female,227.32.144.32
584,Tami,Haggata,thaggatag7@ehow.com,Female,110.184.23.2
585,Zaccaria,Probbing,zprobbingg8@topsy.com,Male,151.156.3.78
586,Julianna,Tyrrell,jtyrrellg9@about.me,Female,7.210.134.73
587,Nissie,Pfeffel,npfeffelga@mlb.com,Female,208.23.155.133
588,Gasparo,MacArthur,gmacarthurgb@qq.com,Male,11.194.198.21
589,Cordie,Goodfellowe,cgoodfellowegc@salon.com,Male,17.178.170.254
590,Gladi,Blaske,gblaskegd@diigo.com,Female,180.41.9.21
591,Georgiana,Harrod,gharrodge@loc.gov,Female,48.154.17.252
592,Zabrina,Bergen,zbergengf@posterous.com,Female,196.182.135.20
593,Farica,Sara,fsaragg@icio.us,Female,144.240.226.225
594,Gnni,Rickaert,grickaertgh@dmoz.org,Female,39.133.236.175
595,Sheelagh,Carayol,scarayolgi@ifeng.com,Female,65.207.60.249
596,Currey,Whatsize,cwhatsizegj@weibo.com,Male,189.213.157.45
597,Norry,Gianinotti,ngianinottigk@aol.com,Male,204.68.138.56
598,Even,Diggens,ediggensgl@dedecms.com,Male,231.78.193.177
599,Tabbi,Jeannel,tjeannelgm@weebly.com,Female,177.199.165.78
600,Brook,Duhig,bduhiggn@cbslocal.com,Male,19.56.169.47
601,Catlee,Bohden,cbohdengo@cnbc.com,Female,173.15.3.65
602,Sianna,Schmuhl,sschmuhlgp@technorati.com,Female,235.165.32.160
603,Alvin,Pohlak,apohlakgq@paypal.com,Male,144.1.187.105
604,Alfreda,Gebby,agebbygr@blog.com,Female,36.32.153.199
605,Mac,Flintuff,mflintuffgs@icio.us,Male,249.182.138.161
606,Elliot,Frizell,efrizellgt@scientificamerican.com,Male,254.255.164.149
607,Clyve,Permain,cpermaingu@deliciousdays.com,Male,124.182.185.18
608,Micaela,Edlington,medlingtongv@biblegateway.com,Female,148.202.145.154
609,Rafaelia,Arrighi,rarrighigw@soup.io,Female,103.160.17.172
610,Ben,Jaime,bjaimegx@wp.com,Male,64.12.93.43
611,Joyann,Williscroft,jwilliscroftgy@thetimes.co.uk,Female,122.243.5.41
612,Tucky,Trevaskiss,ttrevaskissgz@sakura.ne.jp,Male,217.245.243.122
613,Lorrin,Garbar,lgarbarh0@google.ca,Female,218.229.155.7
614,Devland,Ismay,dismayh1@gov.uk,Male,179.17.226.171
615,Sheffield,Ciobutaru,sciobutaruh2@wired.com,Male,52.57.172.97
616,Baily,Burnage,bburnageh3@zimbio.com,Male,100.131.209.9
617,Edouard,Rainsdon,erainsdonh4@g.co,Male,44.198.19.86
618,Hillier,Maddrah,hmaddrahh5@posterous.com,Male,60.140.230.201
619,Phyllida,Semken,psemkenh6@upenn.edu,Female,22.79.125.122
620,Sidney,Hedingham,shedinghamh7@acquirethisname.com,Male,85.73.80.31
621,Ladonna,Coatsworth,lcoatsworthh8@i2i.jp,Female,170.11.113.128
622,Nolie,Prophet,npropheth9@people.com.cn,Female,165.140.75.215
623,Jewelle,Balling,jballingha@yellowpages.com,Female,34.53.205.169
624,Anthea,Olyet,aolyethb@ihg.com,Female,211.245.241.23
625,Helenka,Obee,hobeehc@bloomberg.com,Female,47.179.115.171
626,Tom,Blaxall,tblaxallhd@vimeo.com,Male,92.164.94.144
627,Moria,Kenwyn,mkenwynhe@discuz.net,Female,2.13.239.201
628,Margarette,Hirthe,mhirthehf@ebay.co.uk,Female,151.255.70.211
629,Enrika,Mottley,emottleyhg@wikia.com,Female,198.173.33.252
630,Idelle,Pickston,ipickstonhh@usnews.com,Female,168.156.208.37
631,Dacie,Vanshin,dvanshinhi@php.net,Female,49.0.59.88
632,Baldwin,Del Monte,bdelmontehj@ted.com,Male,78.51.64.166
633,Elene,Gallandre,egallandrehk@360.cn,Female,172.235.243.58
634,Ruby,Andrejs,randrejshl@goodreads.com,Female,145.62.75.215
635,Erhart,Greenhowe,egreenhowehm@dailymotion.com,Male,221.66.62.111
636,Vickie,Hubbins,vhubbinshn@e-recht24.de,Female,169.29.129.53
637,Bartholemy,Calafate,bcalafateho@smh.com.au,Male,226.55.100.231
638,Margi,Portwaine,mportwainehp@columbia.edu,Female,85.106.189.168
639,Jasmine,Keyson,jkeysonhq@berkeley.edu,Female,31.115.128.4
640,Andrey,Capron,acapronhr@spiegel.de,Male,27.121.50.87
641,Jose,Pruce,jprucehs@globo.com,Male,51.152.165.20
642,Upton,Simmill,usimmillht@nifty.com,Male,175.231.120.70
643,Niall,Sharvell,nsharvellhu@sphinn.com,Male,134.8.56.91
644,Guido,Dawkes,gdawkeshv@youku.com,Male,116.202.155.182
645,Katheryn,Stabler,kstablerhw@tripod.com,Female,213.39.171.241
646,Audie,Cooper,acooperhx@cnbc.com,Female,205.188.232.63
647,Saundra,Oblein,sobleinhy@princeton.edu,Male,198.141.120.165
648,Bradford,Kindread,bkindreadhz@topsy.com,Male,134.67.53.90
649,Elinore,Demange,edemangei0@blogtalkradio.com,Female,103.218.210.228
650,Annemarie,Sharply,asharplyi1@sciencedirect.com,Female,162.68.254.224
651,Neal,Gresser,ngresseri2@bbb.org,Male,134.67.105.100
652,Keith,Gruby,kgrubyi3@purevolume.com,Male,194.42.5.89
653,Ula,McGenis,umcgenisi4@patch.com,Female,135.123.136.140
654,Hyatt,Lenox,hlenoxi5@soup.io,Male,62.92.120.46
655,Bourke,O' Shea,bosheai6@phoca.cz,Male,200.99.88.88
656,Vikki,Brownhill,vbrownhilli7@cam.ac.uk,Female,7.220.50.152
657,Dunc,Todari,dtodarii8@aol.com,Male,226.108.44.238
658,Susette,Jovis,sjovisi9@symantec.com,Female,3.197.76.177
659,Martino,Buscher,mbuscheria@zdnet.com,Male,123.45.11.230
660,Gawain,Peever,gpeeverib@360.cn,Male,35.122.212.222
661,Dolf,Dohms,ddohmsic@apache.org,Male,54.63.100.31
662,Gloria,Lamperti,glampertiid@wp.com,Female,120.33.189.22
663,Hortensia,Ghiotto,hghiottoie@nyu.edu,Female,83.186.253.124
664,Melony,Lippo,mlippoif@seesaa.net,Female,71.107.36.243
665,Briny,Manjot,bmanjotig@accuweather.com,Female,182.77.203.226
666,Daniel,Tuff,dtuffih@examiner.com,Male,112.19.4.58
667,Meghann,Hegel,mhegelii@harvard.edu,Female,1.0.44.151
668,Torrence,Boxe,tboxeij@who.int,Male,243.34.197.234
669,Lynna,Chanter,lchanterik@nydailynews.com,Female,217.190.25.237
670,Janeva,Abrahmer,jabrahmeril@google.pl,Female,117.81.124.197
671,Nichol,Boyall,nboyallim@discovery.com,Female,185.145.70.36
672,Joelle,Nuton,jnutonin@myspace.com,Female,157.194.245.36
673,Bryce,Benoix,bbenoixio@timesonline.co.uk,Male,186.15.169.60
674,Karita,Mc Comb,kmccombip@jalbum.net,Female,107.13.52.169
675,Stacee,Ferrone,sferroneiq@yahoo.com,Female,115.98.1.195
676,Fabio,Kentwell,fkentwellir@dot.gov,Male,82.68.181.127
677,Cammy,Gumb,cgumbis@tripadvisor.com,Female,150.10.251.147
678,Candida,Sindall,csindallit@phpbb.com,Female,18.22.179.59
679,Leshia,Rudall,lrudalliu@instagram.com,Female,36.54.99.230
680,Farleigh,Kadd,fkaddiv@tmall.com,Male,45.116.55.226
681,Stearne,Lackie,slackieiw@apple.com,Male,15.82.145.151
682,Clarette,Eddisford,ceddisfordix@skyrock.com,Female,218.131.57.115
683,Clari,Pearne,cpearneiy@plala.or.jp,Female,250.144.109.98
684,Jordain,Pillinger,jpillingeriz@skyrock.com,Female,16.254.95.151
685,Ekaterina,Foxley,efoxleyj0@ucoz.com,Female,238.242.79.224
686,Tobe,Rydeard,trydeardj1@myspace.com,Female,23.212.221.31
687,Ashley,Rorke,arorkej2@arizona.edu,Female,4.53.97.112
688,Madelin,Caldayrou,mcaldayrouj3@whitehouse.gov,Female,224.13.58.204
689,Waldemar,Downage,wdownagej4@discovery.com,Male,82.106.76.103
690,Filmore,Pedrocchi,fpedrocchij5@g.co,Male,180.60.161.9
691,Dale,Brindley,dbrindleyj6@webeden.co.uk,Male,17.201.82.188
692,Delmore,Botright,dbotrightj7@cmu.edu,Male,86.184.25.54
693,Abbot,Aveling,aavelingj8@sbwire.com,Male,172.120.98.63
694,Thia,Duigan,tduiganj9@psu.edu,Female,192.149.67.7
695,Austen,Saban,asabanja@answers.com,Male,230.52.156.42
696,Shani,Dickie,sdickiejb@si.edu,Female,143.221.144.43
697,Madelene,Limpertz,mlimpertzjc@taobao.com,Female,42.78.60.159
698,Otto,Winchcum,owinchcumjd@cornell.edu,Male,87.212.152.149
699,Lennard,Jeckells,ljeckellsje@google.fr,Male,1.243.69.43
700,Celinda,Bidwell,cbidwelljf@geocities.com,Female,191.17.149.189
701,Parry,Shrawley,pshrawleyjg@nyu.edu,Male,237.55.34.236
702,Melinde,Behling,mbehlingjh@netlog.com,Female,189.58.20.243
703,Bendick,Issett,bissettji@youtube.com,Male,215.186.128.181
704,Buiron,Pietrowski,bpietrowskijj@cyberchimps.com,Male,152.43.42.165
705,Rosanna,Sansom,rsansomjk@chicagotribune.com,Female,69.93.1.222
706,Ellwood,Monahan,emonahanjl@cbc.ca,Male,12.33.250.6
707,Clarie,Goodlake,cgoodlakejm@cdbaby.com,Female,237.230.141.6
708,Griffie,Rapper,grapperjn@quantcast.com,Male,172.194.139.254
709,Esta,Patnelli,epatnellijo@amazon.co.uk,Female,4.82.236.26
710,Kennedy,Gaber,kgaberjp@mapquest.com,Male,130.211.48.181
711,Dur,De Francesco,ddefrancescojq@msu.edu,Male,5.173.209.211
712,Priscella,Probet,pprobetjr@businessweek.com,Female,190.47.183.67
713,Germayne,Getcliffe,ggetcliffejs@infoseek.co.jp,Male,185.133.86.93
714,Kerr,Dzenisenka,kdzenisenkajt@histats.com,Male,110.93.208.209
715,Ferdinanda,Cleugher,fcleugherju@people.com.cn,Female,222.151.108.161
716,Grata,Lukianovich,glukianovichjv@jimdo.com,Female,71.213.76.139
717,Andrey,Hamshere,ahamsherejw@a8.net,Male,174.91.166.12
718,Codie,Durnford,cdurnfordjx@usa.gov,Female,144.124.12.255
719,Junette,Pick,jpickjy@tumblr.com,Female,138.1.127.8
720,Minnaminnie,Knee,mkneejz@furl.net,Female,109.209.194.82
721,Raine,Aujean,raujeank0@google.ru,Female,173.90.203.236
722,Farris,Seneschal,fseneschalk1@nationalgeographic.com,Male,92.121.138.217
723,Wheeler,Treneer,wtreneerk2@wikimedia.org,Male,167.165.170.121
724,Myrvyn,Point,mpointk3@blog.com,Male,93.226.222.34
725,Bondon,Wyleman,bwylemank4@seesaa.net,Male,150.143.14.123
726,Devi,Ebbers,debbersk5@mtv.com,Female,209.71.219.59
727,Lura,MacGorrie,lmacgorriek6@pinterest.com,Female,207.223.92.83
728,Flossie,Gresch,fgreschk7@google.nl,Female,222.235.171.212
729,Bondon,Brackstone,bbrackstonek8@tumblr.com,Male,106.116.174.211
730,Nadeen,Dunlea,ndunleak9@dailymotion.com,Female,255.73.199.78
731,Anjanette,Medendorp,amedendorpka@twitter.com,Female,228.11.161.155
732,Ariadne,Ascroft,aascroftkb@google.fr,Female,13.224.172.214
733,Jordan,Carbine,jcarbinekc@tinyurl.com,Male,177.229.61.23
734,Rabi,Hoff,rhoffkd@fema.gov,Male,87.207.13.129
735,Worden,McCullouch,wmccullouchke@google.ca,Male,106.122.33.14
736,Dare,Brookesbie,dbrookesbiekf@vinaora.com,Male,89.207.2.4
737,Heddi,Kain,hkainkg@tmall.com,Female,110.100.13.84
738,Terrel,Leggon,tleggonkh@apple.com,Male,253.27.184.238
739,Domenico,Espinheira,despinheiraki@t-online.de,Male,71.175.21.186
740,Daisey,McDell,dmcdellkj@myspace.com,Female,61.43.47.81
741,Matilda,Kittley,mkittleykk@thetimes.co.uk,Female,244.28.180.44
742,Heinrick,Stratley,hstratleykl@mayoclinic.com,Male,166.83.223.132
743,Ashley,Brickell,abrickellkm@stumbleupon.com,Female,71.22.157.228
744,Tildy,Van der Daal,tvanderdaalkn@histats.com,Female,141.21.41.217
745,Shelden,Yakubovich,syakubovichko@wikispaces.com,Male,205.130.126.124
746,Warner,Drohan,wdrohankp@wsj.com,Male,180.124.233.6
747,Clevie,Eggleton,ceggletonkq@admin.ch,Male,60.1.13.248
748,Bev,Overnell,bovernellkr@bbc.co.uk,Female,103.84.29.46
749,Gweneth,Orto,gortoks@princeton.edu,Female,34.245.28.29
750,Sallie,Louisot,slouisotkt@behance.net,Female,104.176.153.6
751,Harvey,Bellis,hbellisku@mashable.com,Male,31.76.113.141
752,Sophie,Hansom,shansomkv@nasa.gov,Female,148.220.129.114
753,Vernen,Asche,vaschekw@mac.com,Male,86.198.49.134
754,Kris,McCoid,kmccoidkx@wikia.com,Male,122.139.135.145
755,Esteban,Kirkwood,ekirkwoodky@tinypic.com,Male,232.62.31.134
756,Cristie,Van Castele,cvancastelekz@google.pl,Female,146.113.180.209
757,Ashely,Dripp,adrippl0@yahoo.co.jp,Female,151.21.46.63
758,Grantley,Measor,gmeasorl1@mozilla.com,Male,212.18.190.239
759,Gareth,Lismer,glismerl2@example.com,Male,126.31.127.21
760,Richart,Glandfield,rglandfieldl3@usda.gov,Male,185.163.172.86
761,Korie,Ditts,kdittsl4@scribd.com,Female,36.216.23.118
762,Cece,Fegan,cfeganl5@nyu.edu,Male,37.241.156.195
763,Ermina,Karran,ekarranl6@princeton.edu,Female,105.106.20.126
764,Darby,Canet,dcanetl7@drupal.org,Female,126.164.3.11
765,Torr,Fransseni,tfranssenil8@chron.com,Male,160.119.186.14
766,Willdon,Angier,wangierl9@lulu.com,Male,248.32.73.78
767,Ryan,Slowley,rslowleyla@uol.com.br,Male,255.251.9.225
768,Andrey,Fryer,afryerlb@ox.ac.uk,Male,150.19.101.170
769,Donnie,Morphey,dmorpheylc@youtube.com,Male,4.210.81.49
770,Sayer,Monteath,smonteathld@slideshare.net,Male,255.198.229.49
771,Esther,Coomes,ecoomesle@ning.com,Female,89.78.138.120
772,Atlanta,Asee,aaseelf@vinaora.com,Female,202.77.72.203
773,Augustina,Cowill,acowilllg@usnews.com,Female,164.237.255.183
774,Ricki,Jerdan,rjerdanlh@joomla.org,Female,120.122.193.6
775,Hamilton,Desson,hdessonli@google.ca,Male,95.12.21.203
776,Shem,Windridge,swindridgelj@noaa.gov,Male,229.231.251.64
777,Louis,Casellas,lcasellaslk@mac.com,Male,210.210.190.20
778,Ketti,Pleat,kpleatll@paginegialle.it,Female,28.213.226.223
779,Jacinthe,Ebbings,jebbingslm@ocn.ne.jp,Female,90.153.119.162
780,Annis,Penfold,apenfoldln@telegraph.co.uk,Female,109.18.84.207
781,Johnna,Molines,jmolineslo@census.gov,Female,16.13.224.18
782,Ross,Willmore,rwillmorelp@engadget.com,Male,56.138.2.26
783,Salomone,Smalley,ssmalleylq@wikispaces.com,Male,8.111.12.104
784,Fredelia,Honywill,fhonywilllr@ibm.com,Female,253.122.73.131
785,Dreddy,Ashwell,dashwellls@shinystat.com,Female,227.168.51.78
786,Sabra,Earie,searielt@nature.com,Female,58.96.12.32
787,Reine,O'Shiels,roshielslu@un.org,Female,169.209.230.116
788,Ingaberg,Savile,isavilelv@techcrunch.com,Female,57.209.235.160
789,Amery,Bertolin,abertolinlw@w3.org,Male,127.203.60.30
790,Tristam,Barras,tbarraslx@uol.com.br,Male,150.160.109.225
791,Amelina,Bonome,abonomely@imgur.com,Female,99.179.20.88
792,Gabey,Rilings,grilingslz@sakura.ne.jp,Female,91.180.54.168
793,Sheffy,Lammie,slammiem0@discuz.net,Male,234.98.227.62
794,Bronnie,Umpleby,bumplebym1@economist.com,Male,93.252.51.109
795,Jimmy,Adey,jadeym2@stanford.edu,Male,149.5.26.115
796,Angus,Ommanney,aommanneym3@seesaa.net,Male,66.42.89.185
797,Romain,Kelland,rkellandm4@mac.com,Male,152.251.115.107
798,Judith,Cromar,jcromarm5@boston.com,Female,131.203.14.102
799,Eadie,Halhead,ehalheadm6@bloglovin.com,Female,48.1.57.192
800,Giordano,O'Flannery,goflannerym7@slashdot.org,Male,87.151.11.44
801,Chery,Benedikt,cbenediktm8@xrea.com,Female,241.166.153.130
802,Elisha,Ruckhard,eruckhardm9@nba.com,Female,213.147.166.119
803,Bab,Corcoran,bcorcoranma@bing.com,Female,170.229.41.5
804,Charley,Tagg,ctaggmb@skyrock.com,Male,201.134.156.62
805,Carson,Rubenovic,crubenovicmc@booking.com,Male,51.64.203.6
806,Dion,Van Niekerk,dvanniekerkmd@is.gd,Female,163.10.141.88
807,Linell,Arend,larendme@flavors.me,Female,220.200.251.135
808,Jaimie,Pawlowicz,jpawlowiczmf@nbcnews.com,Male,28.62.52.101
809,Idalia,Ropcke,iropckemg@ca.gov,Female,122.131.211.80
810,Bradan,Hurlestone,bhurlestonemh@imgur.com,Male,238.14.157.251
811,Rosmunda,Knott,rknottmi@sogou.com,Female,172.79.97.17
812,Mace,Folley,mfolleymj@amazon.co.jp,Male,173.205.253.231
813,Felipa,Rosekilly,frosekillymk@amazon.com,Female,34.210.14.66
814,Ophelie,Windram,owindramml@nhs.uk,Female,61.0.99.190
815,Allie,Swynley,aswynleymm@over-blog.com,Female,209.120.105.66
816,Tamar,Chrystal,tchrystalmn@statcounter.com,Female,138.88.15.68
817,Clair,Scoates,cscoatesmo@joomla.org,Male,243.87.156.11
818,Foster,Allett,fallettmp@bigcartel.com,Male,93.85.205.158
819,Avram,Buckmaster,abuckmastermq@elpais.com,Male,89.227.116.111
820,Ludwig,Arthars,lartharsmr@amazon.com,Male,175.232.69.123
821,Erin,Partrick,epartrickms@paypal.com,Male,51.71.239.51
822,Lauralee,Leif,lleifmt@icq.com,Female,123.208.46.104
823,Horatio,Froggatt,hfroggattmu@gizmodo.com,Male,81.56.5.59
824,Shari,Burbidge,sburbidgemv@mozilla.com,Female,54.249.117.161
825,Stacey,Scutt,sscuttmw@booking.com,Female,223.98.166.43
826,Farly,Woodrow,fwoodrowmx@army.mil,Male,31.65.16.187
827,Sutton,Carvilla,scarvillamy@yandex.ru,Male,232.217.159.118
828,Laurent,Hursey,lhurseymz@istockphoto.com,Male,42.99.153.221
829,Omero,Nigh,onighn0@phoca.cz,Male,160.160.113.219
830,Georgetta,Djurevic,gdjurevicn1@unesco.org,Female,162.67.126.101
831,Arlie,Gurley,agurleyn2@who.int,Female,104.105.22.34
832,Rheta,Trorey,rtroreyn3@latimes.com,Female,173.46.18.182
833,Sigismondo,Bravery,sbraveryn4@comcast.net,Male,7.218.18.130
834,Filberto,Hudghton,fhudghtonn5@mail.ru,Male,75.66.226.142
835,Gwenni,Welldrake,gwelldraken6@ucla.edu,Female,151.186.162.0
836,Kristian,Yate,kyaten7@rediff.com,Male,98.50.166.10
837,Teena,Cosin,tcosinn8@surveymonkey.com,Female,26.133.218.90
838,Pasquale,Askaw,paskawn9@sina.com.cn,Male,101.157.89.105
839,Ludovika,Backwell,lbackwellna@ameblo.jp,Female,221.77.93.61
840,Tim,Fawthrop,tfawthropnb@arstechnica.com,Male,228.45.176.102
841,Edita,Walters,ewaltersnc@nymag.com,Female,62.113.41.165
842,Darelle,Loveard,dloveardnd@posterous.com,Female,170.65.182.104
843,Martica,Youde,myoudene@sourceforge.net,Female,11.99.20.77
844,Dagmar,Brosel,dbroselnf@storify.com,Female,208.169.201.198
845,Morlee,Bonwell,mbonwellng@pcworld.com,Male,190.9.124.228
846,Oralla,Beentjes,obeentjesnh@yellowbook.com,Female,203.186.63.114
847,Sean,Luff,sluffni@dropbox.com,Male,0.102.229.66
848,Elmer,Bloyes,ebloyesnj@youku.com,Male,55.244.117.134
849,Sal,Cowe,scowenk@g.co,Female,87.121.15.190
850,Addison,Martinot,amartinotnl@ow.ly,Male,173.72.159.206
851,Gery,Sedman,gsedmannm@amazon.com,Male,46.183.142.226
852,Sherm,Andrysiak,sandrysiaknn@wisc.edu,Male,194.125.63.109
853,Sibilla,Counter,scounterno@nbcnews.com,Female,57.194.249.93
854,Toddie,Gotter,tgotternp@uol.com.br,Male,49.234.128.20
855,Griff,Maile,gmailenq@dyndns.org,Male,105.145.93.225
856,Ida,Sinderson,isindersonnr@fema.gov,Female,101.46.125.124
857,Miguel,Menichini,mmenichinins@simplemachines.org,Male,115.243.89.27
858,Ashia,Chillingworth,achillingworthnt@uiuc.edu,Female,125.95.44.91
859,Minni,Ivatt,mivattnu@baidu.com,Female,179.87.206.12
860,Gerianne,Storck,gstorcknv@cdc.gov,Female,33.225.115.26
861,Robinetta,Clouter,rclouternw@mozilla.org,Female,78.45.62.207
862,Jacki,Faussett,jfaussettnx@google.cn,Female,63.110.253.108
863,Leese,Cantopher,lcantopherny@trellian.com,Female,235.12.225.213
864,Filip,Magnus,fmagnusnz@vk.com,Male,163.221.194.154
865,Kingston,Gooda,kgoodao0@reference.com,Male,57.227.185.127
866,Andreana,Temby,atembyo1@businessinsider.com,Female,33.119.192.232
867,Saunder,Northedge,snorthedgeo2@naver.com,Male,230.224.180.0
868,Orton,Shallcross,oshallcrosso3@wisc.edu,Male,185.124.132.25
869,Alexina,Ingman,aingmano4@newyorker.com,Female,147.22.104.41
870,Jimmy,Mackiewicz,jmackiewiczo5@jigsy.com,Male,168.224.133.225
871,Millie,de Broke,mdebrokeo6@bloglines.com,Female,231.160.181.14
872,Rey,Maple,rmapleo7@techcrunch.com,Male,69.32.106.110
873,Rey,Pollastrone,rpollastroneo8@sogou.com,Male,174.57.83.121
874,Megen,Diviny,mdivinyo9@usatoday.com,Female,132.186.150.76
875,Kipp,Shulem,kshulemoa@wufoo.com,Female,126.251.7.78
876,Glyn,Hawsby,ghawsbyob@illinois.edu,Female,172.146.135.230
877,Aylmer,Tabour,atabouroc@friendfeed.com,Male,32.56.222.152
878,Patrizius,Hillock,phillockod@nifty.com,Male,245.11.137.43
879,Corette,Demogeot,cdemogeotoe@sfgate.com,Female,21.85.52.114
880,Laurianne,Farndell,lfarndellof@gravatar.com,Female,106.4.56.49
881,Ettore,Mercer,emercerog@yahoo.com,Male,65.250.68.124
882,Tannie,Farfalameev,tfarfalameevoh@hao123.com,Male,59.179.115.10
883,Tillie,Ervin,tervinoi@vk.com,Female,227.232.65.79
884,Octavius,Packe,opackeoj@tripadvisor.com,Male,205.239.100.165
885,Conrado,Glynne,cglynneok@tinypic.com,Male,146.210.151.203
886,Aloisia,Burt,aburtol@surveymonkey.com,Female,220.30.116.166
887,Jehanna,Gunter,jgunterom@is.gd,Female,179.67.164.100
888,Del,Yesinin,dyesininon@who.int,Male,65.172.22.187
889,Brigid,Topliss,btoplissoo@wired.com,Female,157.70.196.10
890,Odie,Manning,omanningop@go.com,Male,53.242.199.125
891,Somerset,Ilyuchyov,silyuchyovoq@ftc.gov,Male,191.112.185.88
892,Leone,Cockcroft,lcockcroftor@howstuffworks.com,Female,232.42.27.152
893,Taite,Glavin,tglavinos@admin.ch,Male,41.126.33.8
894,Gael,Silverthorn,gsilverthornot@dyndns.org,Female,235.244.53.153
895,Merwin,Cadogan,mcadoganou@pcworld.com,Male,150.251.156.91
896,Kendrick,Ellul,kellulov@discuz.net,Male,180.51.175.249
897,Jedd,Walentynowicz,jwalentynowiczow@networksolutions.com,Male,157.158.196.236
898,Clovis,Bleasdale,cbleasdaleox@etsy.com,Female,214.8.246.60
899,Barn,Ivshin,bivshinoy@apple.com,Male,10.21.150.113
900,Daveta,Roney,droneyoz@artisteer.com,Female,17.32.145.57
901,Kipper,Childerley,kchilderleyp0@abc.net.au,Male,24.24.195.180
902,Florenza,Swindon,fswindonp1@ehow.com,Female,57.206.77.69
903,Moria,Leveret,mleveretp2@spiegel.de,Female,181.158.181.87
904,Jamal,Thirwell,jthirwellp3@sbwire.com,Male,188.65.105.218
905,Doro,Stukings,dstukingsp4@hao123.com,Female,117.78.65.221
906,Fayth,Castello,fcastellop5@blinklist.com,Female,185.217.222.41
907,Maddy,Philps,mphilpsp6@narod.ru,Male,0.96.185.60
908,Gertrudis,Belamy,gbelamyp7@jimdo.com,Female,85.42.75.151
909,Saidee,Ferneley,sferneleyp8@instagram.com,Female,12.111.158.7
910,Doy,Thorburn,dthorburnp9@webnode.com,Male,206.9.228.53
911,Ransom,Measor,rmeasorpa@china.com.cn,Male,239.234.161.141
912,Reynold,Easseby,reassebypb@taobao.com,Male,157.96.85.53
913,Marigold,Dana,mdanapc@amazon.de,Female,214.176.218.83
914,Teresita,McGrill,tmcgrillpd@hugedomains.com,Female,123.80.49.170
915,Marlowe,Ferrillio,mferrilliope@intel.com,Male,242.6.160.12
916,Ruthanne,Stanners,rstannerspf@infoseek.co.jp,Female,230.219.243.45
917,Kirsti,Blazic,kblazicpg@utexas.edu,Female,116.86.35.101
918,Cristian,Bottleson,cbottlesonph@over-blog.com,Male,170.197.147.74
919,Ondrea,Hair,ohairpi@ca.gov,Female,71.128.79.45
920,Wat,MacGruer,wmacgruerpj@accuweather.com,Male,67.12.102.172
921,Buiron,McElwee,bmcelweepk@chron.com,Male,104.128.181.160
922,Lorry,Hebborne,lhebbornepl@blogs.com,Male,74.3.76.216
923,Velma,Tulip,vtulippm@usatoday.com,Female,0.112.39.130
924,Ashlen,Aykroyd,aaykroydpn@biblegateway.com,Female,214.100.197.189
925,Heath,Awcoate,hawcoatepo@cnbc.com,Male,207.139.99.163
926,Perkin,Scottini,pscottinipp@reuters.com,Male,220.194.163.41
927,Roth,Kemish,rkemishpq@cornell.edu,Male,64.191.78.139
928,Abdel,Oldacres,aoldacrespr@pbs.org,Male,125.166.170.194
929,Sada,Riggey,sriggeyps@moonfruit.com,Female,39.160.213.39
930,Rufus,Maskill,rmaskillpt@huffingtonpost.com,Male,239.97.99.86
931,Aldo,Mohan,amohanpu@dion.ne.jp,Male,64.195.199.252
932,Helaina,Rizzelli,hrizzellipv@china.com.cn,Female,171.165.21.14
933,Roi,Basey,rbaseypw@wikipedia.org,Male,26.231.55.19
934,Gisella,Innott,ginnottpx@woothemes.com,Female,163.121.95.236
935,Jesse,Meritt,jmerittpy@indiegogo.com,Female,24.170.249.83
936,Brandy,Benardette,bbenardettepz@biglobe.ne.jp,Male,39.95.48.218
937,Pail,Wigan,pwiganq0@wikipedia.org,Male,47.238.88.201
938,Rhody,Morritt,rmorrittq1@berkeley.edu,Female,39.115.134.120
939,Adriana,Noon,anoonq2@bloomberg.com,Female,219.62.193.255
940,Candis,Freund,cfreundq3@bloglovin.com,Female,179.18.51.169
941,Merry,Bolmann,mbolmannq4@cloudflare.com,Female,228.247.130.247
942,Dominique,Chaloner,dchalonerq5@msu.edu,Male,94.88.91.197
943,Cherry,Frazier,cfrazierq6@goo.ne.jp,Female,153.65.234.248
944,Gabriell,Allon,gallonq7@wunderground.com,Female,86.88.231.157
945,Georgiana,Gurery,ggureryq8@jugem.jp,Female,81.244.53.119
946,Faydra,Tunno,ftunnoq9@tinyurl.com,Female,214.30.173.3
947,Maudie,MacKey,mmackeyqa@hostgator.com,Female,173.246.220.109
948,Celestyn,Iannelli,ciannelliqb@fc2.com,Female,18.170.169.235
949,Thayne,Paschek,tpaschekqc@utexas.edu,Male,27.71.94.110
950,Willard,Natte,wnatteqd@usgs.gov,Male,156.0.54.106
951,Gnni,Gallon,ggallonqe@imageshack.us,Female,79.39.17.92
952,Jorge,Hegg,jheggqf@tumblr.com,Male,96.192.53.250
953,Bridie,Crosfeld,bcrosfeldqg@cnbc.com,Female,244.208.40.32
954,Redford,Carman,rcarmanqh@hud.gov,Male,103.241.85.37
955,Esra,Castleton,ecastletonqi@bloglines.com,Male,155.11.66.181
956,Cosme,Bearsmore,cbearsmoreqj@ucla.edu,Male,104.182.167.43
957,Neila,Antoni,nantoniqk@drupal.org,Female,113.77.223.75
958,Cinnamon,Farleigh,cfarleighql@pbs.org,Female,40.184.149.171
959,Kirsteni,Castanos,kcastanosqm@forbes.com,Female,234.55.176.12
960,Tadio,Tukely,ttukelyqn@who.int,Male,245.95.83.232
961,Rozanne,Redsull,rredsullqo@google.com,Female,196.194.235.50
962,Sargent,Attfield,sattfieldqp@europa.eu,Male,42.195.92.165
963,Toby,Thomkins,tthomkinsqq@google.com.br,Male,114.126.15.221
964,Leeann,Heaney`,lheaneyqr@ftc.gov,Female,246.182.17.111
965,Benjamen,Bowler,bbowlerqs@uiuc.edu,Male,19.218.159.231
966,Slade,Brabbins,sbrabbinsqt@upenn.edu,Male,180.244.187.28
967,Milicent,D'Alessandro,mdalessandroqu@lulu.com,Female,203.139.31.132
968,Carissa,Hazlegrove,chazlegroveqv@unc.edu,Female,123.191.65.246
969,Herb,Earl,hearlqw@live.com,Male,174.8.80.252
970,Uta,Fiddian,ufiddianqx@ed.gov,Female,92.10.242.234
971,Oby,Hammerberg,ohammerbergqy@yahoo.com,Male,123.51.5.242
972,Hayward,McLewd,hmclewdqz@51.la,Male,243.26.71.155
973,Mari,Wattisham,mwattishamr0@cisco.com,Female,83.253.220.188
974,Gweneth,Kasparski,gkasparskir1@forbes.com,Female,63.144.157.92
975,Archaimbaud,Keat,akeatr2@cnet.com,Male,193.253.124.26
976,Burch,Calderbank,bcalderbankr3@rakuten.co.jp,Male,164.193.157.66
977,Shana,Tierney,stierneyr4@dion.ne.jp,Female,76.11.220.58
978,Rosalinda,Tolan,rtolanr5@webmd.com,Female,53.58.106.254
979,Ira,Simeonov,isimeonovr6@livejournal.com,Male,197.175.231.105
980,Marion,Pond-Jones,mpondjonesr7@eepurl.com,Female,82.231.154.195
981,Cesya,Jakubski,cjakubskir8@ca.gov,Female,51.24.181.61
982,Hasty,Stove,hstover9@privacy.gov.au,Male,95.90.250.211
983,Shamus,Kier,skierra@whitehouse.gov,Male,119.98.126.113
984,Ginelle,Letchford,gletchfordrb@fc2.com,Female,196.148.159.198
985,Shelby,Ridehalgh,sridehalghrc@google.de,Male,161.196.181.117
986,Harriet,Molyneux,hmolyneuxrd@feedburner.com,Female,241.22.166.170
987,Reinaldo,Carman,rcarmanre@un.org,Male,2.45.156.47
988,Julius,Graybeal,jgraybealrf@fema.gov,Male,241.56.117.255
989,Freda,Hazeley,fhazeleyrg@cbslocal.com,Female,194.244.37.126
990,Bunny,Dalyell,bdalyellrh@purevolume.com,Female,14.134.201.230
991,Ericka,Atterley,eatterleyri@wiley.com,Female,206.81.27.95
992,Nikola,De Bernardi,ndebernardirj@usa.gov,Male,2.147.89.64
993,Stacey,Gutherson,sguthersonrk@youtube.com,Female,218.42.235.97
994,Dell,Goodread,dgoodreadrl@liveinternet.ru,Female,99.75.233.225
995,Donielle,Wildber,dwildberrm@is.gd,Female,202.25.188.33
996,Vasily,Skett,vskettrn@twitter.com,Male,44.225.62.157
997,Keefe,Jacquest,kjacquestro@google.co.uk,Male,104.239.55.247
998,Kiah,McMenamy,kmcmenamyrp@163.com,Female,47.91.184.95
999,Nathaniel,Reames,nreamesrq@1und1.de,Male,2.146.156.202
1000,Karmen,Marsham,kmarshamrr@nps.gov,Female,161.191.167.195
